﻿<project version="2.9" name="Rodgers Reminders" ID="72A17FC2-F7DE-4007-97EC-C13B4E9ACB6B">
  <params>
    <pageParam version="5.0" minAllowVersion="5.0"/>
    <projectParam version="2.9" minAllowVersion="2.9" platform="MtDesktop" pageSize="(800,600)" backgroundColor="4294967295" fontSize="12" fontFamily="Segoe UI" projectType="ptPersonalProject" isShowTitleIndex="False"/>
    <previewParam version="1.0"/>
    <colorParam version="1.0"/>
  </params>
  <pages>
    <page name="Rodgers Reminders" ID="6BAD99FA-6F5E-4A6B-AC27-0A1028D58D26" expanded="True" code="LeIQDewKpw" thumbCode="uNIhlaEuGK" isLastOpen="True" status="psWhite" isfolder="False" isshownode="True">
      <images>
        <image key="268E16FD592DA2C630668940E11A82CC.svg"/>
        <image key="42CF9E031360EBC09387427849BF6328.svg"/>
        <image key="CB1D4BD70EFAF9D0D63B9D0659D62AAA.svg"/>
        <image key="E33355073587308CD77F49AD22253EC2.svg"/>
        <image key="341EAC63629DD867B4CDB7A2B1CEE1A1.svg"/>
        <image key="06195D59232F81FA910D253F587903E1.svg"/>
      </images>
    </page>
    <page name="New -- Rodgers Reminders" ID="3CBF0F07-B047-4D9E-9643-E02F98E3FC91" expanded="True" code="l4VmyIDy6A" thumbCode="l4VmyIDy6A" status="psWhite" isfolder="False" isshownode="True"/>
    <page name="Delete Confirmation -- Rodgers Reminders" ID="5D82DF26-9949-4A76-AC45-C963324648B2" expanded="True" code="bVN9sgpmxM" thumbCode="bVN9sgpmxM" status="psWhite" isfolder="False" isshownode="True"/>
  </pages>
  <trash/>
  <deletes/>
  <masters/>
  <images>
    <image key="42CF9E031360EBC09387427849BF6328.svg"/>
    <image key="CB1D4BD70EFAF9D0D63B9D0659D62AAA.svg"/>
    <image key="06195D59232F81FA910D253F587903E1.svg"/>
    <image key="268E16FD592DA2C630668940E11A82CC.svg"/>
    <image key="341EAC63629DD867B4CDB7A2B1CEE1A1.svg"/>
    <image key="E33355073587308CD77F49AD22253EC2.svg"/>
  </images>
</project>