﻿<mockup version="5.0" minAllowVersion="5.0" ID="3CBF0F07-B047-4D9E-9643-E02F98E3FC91" platform="MtDesktop" defaultW="800" defaultH="600" measureW="350" measureH="600" mobileScreenScale="0">
  <controls controlCount="17">
    <control controlID="BF4E5871-4920-4BCD-A689-C4D3FC24F981" controlTypeID="__group__" x="10" y="10" w="330" h="580" zOrder="0">
      <groupChildrenDescriptors>
        <control controlID="8E5798CC-0CC9-443D-A67F-5D62477D67FA" controlTypeID="__group__" x="0" y="0" w="330" h="580" zOrder="0">
          <groupChildrenDescriptors>
            <control controlID="3A783A98-450A-4F13-85BB-B85239CA15EC" controlTypeID="GroupBox" x="0" y="0" w="330" h="580" zOrder="0">
              <font family="Segoe+UI" displayName="Segoe+UI" postScript="" weightStyle="Regular" weight="400" isBold="False" isItalic="False"/>
              <text>New+Reminder</text>
              <textVAlign>VaTop</textVAlign>
              <lineSpacing>0</lineSpacing>
              <selectedIndex>-1</selectedIndex>
            </control>
            <control controlID="1D295328-46DF-4E6E-AAA4-84CE7C438C11" controlTypeID="TextInput" x="10" y="22" w="310" h="24" zOrder="1">
              <font family="Segoe+UI" displayName="Segoe+UI" postScript="" weightStyle="Regular" weight="400" isBold="False" isItalic="False"/>
              <textSize>12</textSize>
              <lineSpacing>0</lineSpacing>
              <selectedIndex>-1</selectedIndex>
              <placeHolder>Reminder+Name</placeHolder>
              <radius>4</radius>
            </control>
            <control controlID="EDB4CEB4-4313-4886-8D25-10FE3BDBDA2C" controlTypeID="TextInput" x="10" y="56" w="310" h="48" zOrder="2">
              <font family="Segoe+UI" displayName="Segoe+UI" postScript="" weightStyle="Regular" weight="400" isBold="False" isItalic="False"/>
              <textSize>12</textSize>
              <lineSpacing>0</lineSpacing>
              <selectedIndex>-1</selectedIndex>
              <placeHolder>Reminder+Details</placeHolder>
              <radius>4</radius>
            </control>
            <control controlID="84BFF323-0DA7-46C6-91E6-1FDD69F3EB6B" controlTypeID="RadioButtonGroup" x="10" y="114" w="310" h="42" zOrder="3">
              <interactiveData>
                <entry title="Goal+Reminder">
                  <area shape="0" alt="" ID="{95FFD8CB-6C00-4625-B0D0-8CDD33CBC120}" coords="(0,0,310,16)"/>
                  <events title="">
                    <event eventType="atClick" isChecked="True">
                      <behaviour title="" isChecked="True" isWait="False" isLoop="False" execMode="emParallel">
                        <target targetID="AFF802E8-C92D-4941-B8BE-A1AF3F7DC9D6" isChecked="True" isAutoRecovery="False" isLoop="False" execMode="emSequence">
                          <command name="Change Visibility" isChecked="True" descrition="">
                            <param name="AniInterpolation" value="1" varType="3" description=""/>
                            <param name="AniDuration" value="200" varType="3" description=""/>
                            <param name="AniAutoReverse" value="False" varType="11" description=""/>
                            <param name="AniLoop" value="False" varType="11" description=""/>
                            <param name="AniInterpolationTypeOut" value="False" varType="11" description=""/>
                            <param name="Delay" value="0" varType="3" description=""/>
                            <param name="ValueFromCurrent" value="True" varType="11" description=""/>
                            <param name="ForceFromInitValue" value="False" varType="11" description=""/>
                            <param name="ForceSetVisible" value="False" varType="11" description=""/>
                            <param name="Value" value="2" varType="3" description=""/>
                            <param name="TerminateLoopByClick" value="True" varType="11" description=""/>
                          </command>
                        </target>
                        <target targetID="6B460923-B1E0-44D3-B4C8-D0749E7ED560" isChecked="True" isAutoRecovery="False" isLoop="False" execMode="emSequence">
                          <command name="Change Visibility" isChecked="True" descrition="">
                            <param name="AniInterpolation" value="1" varType="3" description=""/>
                            <param name="AniDuration" value="200" varType="3" description=""/>
                            <param name="AniAutoReverse" value="False" varType="11" description=""/>
                            <param name="AniLoop" value="False" varType="11" description=""/>
                            <param name="AniInterpolationTypeOut" value="False" varType="11" description=""/>
                            <param name="Delay" value="0" varType="3" description=""/>
                            <param name="ValueFromCurrent" value="True" varType="11" description=""/>
                            <param name="ForceFromInitValue" value="False" varType="11" description=""/>
                            <param name="ForceSetVisible" value="False" varType="11" description=""/>
                            <param name="Value" value="2" varType="3" description=""/>
                            <param name="TerminateLoopByClick" value="True" varType="11" description=""/>
                          </command>
                        </target>
                      </behaviour>
                    </event>
                  </events>
                </entry>
                <entry title="Timed+Reminder">
                  <area shape="0" alt="" ID="{7A1AC8A2-3F39-4C8E-A886-86282DAF404D}" coords="(0,26,310,42)"/>
                  <events title="">
                    <event eventType="atClick" isChecked="True">
                      <behaviour title="" isChecked="True" isWait="False" isLoop="False" execMode="emParallel">
                        <target targetID="7CAAA0BA-36FF-432E-B5FF-9FC26E7E19D9" isChecked="True" isAutoRecovery="False" isLoop="False" execMode="emSequence">
                          <command name="Change Visibility" isChecked="True" descrition="">
                            <param name="AniInterpolation" value="1" varType="3" description=""/>
                            <param name="AniDuration" value="200" varType="3" description=""/>
                            <param name="AniAutoReverse" value="False" varType="11" description=""/>
                            <param name="AniLoop" value="False" varType="11" description=""/>
                            <param name="AniInterpolationTypeOut" value="False" varType="11" description=""/>
                            <param name="Delay" value="0" varType="3" description=""/>
                            <param name="ValueFromCurrent" value="True" varType="11" description=""/>
                            <param name="ForceFromInitValue" value="False" varType="11" description=""/>
                            <param name="ForceSetVisible" value="False" varType="11" description=""/>
                            <param name="Value" value="2" varType="3" description=""/>
                            <param name="TerminateLoopByClick" value="True" varType="11" description=""/>
                          </command>
                        </target>
                        <target targetID="17E7E1CF-475C-453E-8A9B-ED4F0164C38A" isChecked="True" isAutoRecovery="False" isLoop="False" execMode="emSequence">
                          <command name="Change Visibility" isChecked="True" descrition="">
                            <param name="AniInterpolation" value="1" varType="3" description=""/>
                            <param name="AniDuration" value="200" varType="3" description=""/>
                            <param name="AniAutoReverse" value="False" varType="11" description=""/>
                            <param name="AniLoop" value="False" varType="11" description=""/>
                            <param name="AniInterpolationTypeOut" value="False" varType="11" description=""/>
                            <param name="Delay" value="0" varType="3" description=""/>
                            <param name="ValueFromCurrent" value="True" varType="11" description=""/>
                            <param name="ForceFromInitValue" value="False" varType="11" description=""/>
                            <param name="ForceSetVisible" value="False" varType="11" description=""/>
                            <param name="Value" value="2" varType="3" description=""/>
                            <param name="TerminateLoopByClick" value="True" varType="11" description=""/>
                          </command>
                        </target>
                      </behaviour>
                    </event>
                  </events>
                </entry>
              </interactiveData>
              <font family="Segoe+UI" displayName="Segoe+UI" postScript="" weightStyle="Regular" weight="400" isBold="False" isItalic="False"/>
              <text>Goal+Reminder%0D%0ATimed+Reminder%0D%0A</text>
              <lineSpacing>0</lineSpacing>
              <itemRect>[{"left":0,"top":0,"right":310,"bottom":16},{"left":0,"top":26,"right":310,"bottom":42}]</itemRect>
            </control>
            <control controlID="6B460923-B1E0-44D3-B4C8-D0749E7ED560" controlTypeID="__group__" x="10" y="166" w="310" h="170" zOrder="4">
              <groupChildrenDescriptors>
                <control controlID="AFF802E8-C92D-4941-B8BE-A1AF3F7DC9D6" controlTypeID="GroupBox" x="0" y="0" w="310" h="170" zOrder="0">
                  <font family="Segoe+UI" displayName="Segoe+UI" postScript="" weightStyle="Regular" weight="400" isBold="False" isItalic="False"/>
                  <text>Goals</text>
                  <textVAlign>VaTop</textVAlign>
                  <lineSpacing>0</lineSpacing>
                  <selectedIndex>-1</selectedIndex>
                </control>
                <control controlID="1F06E31F-35F4-488C-8908-1DE21C9BE092" controlTypeID="List" x="10" y="19" w="290" h="141" zOrder="1">
                  <verticalScrollbarShow>True</verticalScrollbarShow>
                  <font family="Segoe+UI" displayName="Segoe+UI" postScript="" weightStyle="Regular" weight="400" isBold="False" isItalic="False"/>
                  <text>Goal+1%0D%0AGoal+2%0D%0AGoal+3%0D%0AGoal+4%0D%0AGoal+5%0D%0AGoal+6%0D%0AGoal+7%0D%0AGoal+8%0D%0AGoal+9%0D%0AGoal+10</text>
                  <lineSpacing>0</lineSpacing>
                  <isInterlace>True</isInterlace>
                </control>
              </groupChildrenDescriptors>
            </control>
            <control controlID="7CAAA0BA-36FF-432E-B5FF-9FC26E7E19D9" controlTypeID="GroupBox" x="10" y="166" w="310" h="170" zOrder="5">
              <isShow>False</isShow>
              <font family="Segoe+UI" displayName="Segoe+UI" postScript="" weightStyle="Regular" weight="400" isBold="False" isItalic="False"/>
              <text>Time+and+Date</text>
              <textVAlign>VaTop</textVAlign>
              <lineSpacing>0</lineSpacing>
              <selectedIndex>-1</selectedIndex>
            </control>
            <control controlID="17E7E1CF-475C-453E-8A9B-ED4F0164C38A" controlTypeID="DateTimePicker" x="20" y="190" w="290" h="136" zOrder="6">
              <isShow>False</isShow>
              <font family="Segoe+UI" displayName="Segoe+UI" postScript="" weightStyle="Regular" weight="400" isBold="False" isItalic="False"/>
              <text>06%2F12%2F2017</text>
              <lineSpacing>0</lineSpacing>
              <selectedIndex>-1</selectedIndex>
            </control>
          </groupChildrenDescriptors>
        </control>
        <control controlID="F661E355-743C-4003-965A-5220B0820A33" controlTypeID="Button" x="10" y="495" w="310" h="75" zOrder="1">
          <color>4284927078</color>
          <borderColor>4281584691</borderColor>
          <links eventType="AtClick" animate="AmNone" animateAutoDelay="0" animateDuration="500">
            <link targetPageID="6BAD99FA-6F5E-4A6B-AC27-0A1028D58D26" linkType="ltPageLink" isApplyIncludePage="False" title="Rodgers+Reminders">
              <area shape="0" alt="" ID="{A23A4984-A602-46AE-853C-80FDD5178C37}" coords="(0,0,310,75)"/>
            </link>
          </links>
          <font family="Segoe+UI" displayName="Segoe+UI" postScript="" weightStyle="Regular" weight="400" isBold="False" isItalic="False"/>
          <text>Add+Reminder</text>
          <textSize>12</textSize>
          <lineSpacing>0</lineSpacing>
          <selectedIndex>-1</selectedIndex>
          <radius>4</radius>
        </control>
      </groupChildrenDescriptors>
    </control>
    <control controlID="DC0E1DB9-7BFF-433E-9B17-D99D44C46987" controlTypeID="StickyNote" x="402" y="349" w="150" h="119" zOrder="1">
      <font family="Segoe+UI" displayName="Segoe+UI" postScript="" weightStyle="Regular" weight="400" isBold="False" isItalic="False"/>
      <text>Radio+box+toggles+between+the+goal+reminder+and+the+time+based+reminder</text>
    </control>
    <control controlID="20BC1712-CD79-4AB4-BB8D-5A619573FF85" controlTypeID="Arrow" x="286" y="263" w="173" h="102" zOrder="2">
      <font family="Segoe+UI" displayName="Segoe+UI" postScript="" weightStyle="Regular" weight="400" isBold="False" isItalic="False"/>
      <lineSpacing>0</lineSpacing>
      <controlPoint>(142,38)</controlPoint>
      <startPoint>(6,6)</startPoint>
      <endPoint>(167,96)</endPoint>
      <showStartArrow>1</showStartArrow>
      <showEndArrow>1</showEndArrow>
    </control>
    <control controlID="3FEEFD36-737E-4CDD-91E9-C8B8D372CCA7" controlTypeID="Arrow" x="242" y="142" w="217" h="223" zOrder="3">
      <font family="Segoe+UI" displayName="Segoe+UI" postScript="" weightStyle="Regular" weight="400" isBold="False" isItalic="False"/>
      <lineSpacing>0</lineSpacing>
      <controlPoint>(199,169)</controlPoint>
      <startPoint>(6,6)</startPoint>
      <endPoint>(211,217)</endPoint>
      <showStartArrow>1</showStartArrow>
      <showEndArrow>1</showEndArrow>
    </control>
    <control controlID="0935DADB-FAA7-4223-9649-F30A606CAFB7" controlTypeID="StickyNote" x="486" y="191" w="144" h="123" zOrder="4">
      <font family="Segoe+UI" displayName="Segoe+UI" postScript="" weightStyle="Regular" weight="400" isBold="False" isItalic="False"/>
      <text>Page+has+a+slim+design+so+it+does+not+feel+bulky+or+complicated+on+the+user</text>
    </control>
    <control controlID="51A18A6C-EAA2-48FD-9623-891372885634" controlTypeID="Arrow" x="236" y="-16" w="309" h="217" zOrder="5">
      <font family="Segoe+UI" displayName="Segoe+UI" postScript="" weightStyle="Regular" weight="400" isBold="False" isItalic="False"/>
      <lineSpacing>0</lineSpacing>
      <controlPoint>(252,79)</controlPoint>
      <startPoint>(6,6)</startPoint>
      <endPoint>(303,211)</endPoint>
      <showStartArrow>1</showStartArrow>
      <showEndArrow>1</showEndArrow>
    </control>
  </controls>
  <param>
    <backgroundColor>4294967295</backgroundColor>
    <fontSize>12</fontSize>
    <fontFamily>Segoe+UI</fontFamily>
    <guideLines/>
  </param>
</mockup>