﻿<mockup version="5.0" minAllowVersion="5.0" ID="5D82DF26-9949-4A76-AC45-C963324648B2" platform="MtDesktop" defaultW="800" defaultH="600" measureW="365" measureH="162" mobileScreenScale="0">
  <controls controlCount="8">
    <control controlID="A08C65EC-15C0-4A36-B849-B61618A12430" controlTypeID="Label" x="20" y="35" w="336" h="22" zOrder="0">
      <font family="Segoe+UI" displayName="Segoe+UI" postScript="" weightStyle="Regular" weight="400" isBold="False" isItalic="False"/>
      <text>Are+you+sure+you+want+to+delete+this+reminder%3F</text>
      <textSize>16</textSize>
      <lineSpacing>0</lineSpacing>
      <useDefaultTextSize>False</useDefaultTextSize>
      <selectedIndex>-1</selectedIndex>
    </control>
    <control controlID="6F6726BF-3B19-4249-BEAE-9B7618DB3EE7" controlTypeID="Button" x="10" y="99" w="168" h="53" zOrder="1">
      <color>4291559424</color>
      <links eventType="AtClick" animate="AmNone" animateAutoDelay="0" animateDuration="500">
        <link targetPageID="6BAD99FA-6F5E-4A6B-AC27-0A1028D58D26" linkType="ltPageLink" isApplyIncludePage="False" title="Rodgers+Reminders">
          <area shape="0" alt="" ID="{F44A597F-CA53-4F03-9E3D-DA777CE185BA}" coords="(0,0,168,53)"/>
        </link>
      </links>
      <font family="Segoe+UI" displayName="Segoe+UI" postScript="" weightStyle="Regular" weight="400" isBold="False" isItalic="False"/>
      <text>Yes</text>
      <textSize>12</textSize>
      <lineSpacing>0</lineSpacing>
      <selectedIndex>-1</selectedIndex>
      <radius>4</radius>
    </control>
    <control controlID="3ACB66D9-427B-4A6C-BDB0-B70B9372FAE0" controlTypeID="Button" x="188" y="99" w="168" h="53" zOrder="2">
      <color>4284927078</color>
      <borderColor>4284927027</borderColor>
      <links eventType="AtClick" animate="AmNone" animateAutoDelay="0" animateDuration="500">
        <link targetPageID="6BAD99FA-6F5E-4A6B-AC27-0A1028D58D26" linkType="ltPageLink" isApplyIncludePage="False" title="Rodgers+Reminders">
          <area shape="0" alt="" ID="{563A89A9-1BE7-4844-8C17-9E2354DDED98}" coords="(0,0,168,53)"/>
        </link>
      </links>
      <font family="Segoe+UI" displayName="Segoe+UI" postScript="" weightStyle="Regular" weight="400" isBold="False" isItalic="False"/>
      <text>No</text>
      <textSize>12</textSize>
      <lineSpacing>0</lineSpacing>
      <selectedIndex>-1</selectedIndex>
      <radius>4</radius>
    </control>
    <control controlID="B4F45D7E-C97B-4CFE-A1F3-1480C859F0B4" controlTypeID="StickyNote" x="194" y="310" w="145" h="118" zOrder="3">
      <font family="Segoe+UI" displayName="Segoe+UI" postScript="" weightStyle="Regular" weight="400" isBold="False" isItalic="False"/>
      <text>Colour+coded+buttons+to+easily+tell+the+diference+between+yes+and+no</text>
      <selectedIndex>-1</selectedIndex>
    </control>
    <control controlID="FCBE5C5A-6F81-440E-B815-FB023A8D9DDF" controlTypeID="Arrow" x="89" y="132" w="170" h="195" zOrder="4">
      <font family="Segoe+UI" displayName="Segoe+UI" postScript="" weightStyle="Regular" weight="400" isBold="False" isItalic="False"/>
      <lineSpacing>0</lineSpacing>
      <selectedIndex>-1</selectedIndex>
      <controlPoint>(152,141)</controlPoint>
      <startPoint>(6,6)</startPoint>
      <endPoint>(164,189)</endPoint>
      <showStartArrow>1</showStartArrow>
      <showEndArrow>1</showEndArrow>
    </control>
    <control controlID="B7115EFF-867D-44F0-B319-DD95891C24EC" controlTypeID="Arrow" x="234" y="132" w="37" h="195" zOrder="5">
      <font family="Segoe+UI" displayName="Segoe+UI" postScript="" weightStyle="Regular" weight="400" isBold="False" isItalic="False"/>
      <lineSpacing>0</lineSpacing>
      <selectedIndex>-1</selectedIndex>
      <controlPoint>(-24,93)</controlPoint>
      <startPoint>(31,6)</startPoint>
      <endPoint>(21,189)</endPoint>
      <showStartArrow>1</showStartArrow>
      <showEndArrow>1</showEndArrow>
    </control>
    <control controlID="01827908-018D-4E6E-A8ED-05C8F380671E" controlTypeID="StickyNote" x="433" y="183" w="171" h="123" zOrder="6">
      <font family="Segoe+UI" displayName="Segoe+UI" postScript="" weightStyle="Regular" weight="400" isBold="False" isItalic="False"/>
      <text>Small+design+so+user+is+not+confused+by+an+overly+large+window</text>
      <selectedIndex>-1</selectedIndex>
    </control>
    <control controlID="A17B5ABB-FD8D-4767-AF67-2F4F46153579" controlTypeID="Arrow" x="331" y="26" w="188" h="175" zOrder="7">
      <font family="Segoe+UI" displayName="Segoe+UI" postScript="" weightStyle="Regular" weight="400" isBold="False" isItalic="False"/>
      <lineSpacing>0</lineSpacing>
      <selectedIndex>-1</selectedIndex>
      <controlPoint>(98,77)</controlPoint>
      <startPoint>(6,6)</startPoint>
      <endPoint>(182,169)</endPoint>
      <showStartArrow>1</showStartArrow>
      <showEndArrow>1</showEndArrow>
    </control>
  </controls>
  <param>
    <backgroundColor>4294967295</backgroundColor>
    <fontSize>12</fontSize>
    <fontFamily>Segoe+UI</fontFamily>
    <guideLines/>
  </param>
</mockup>