﻿<LinkSources version="1.02">
  <page ID="6BAD99FA-6F5E-4A6B-AC27-0A1028D58D26">
    <linkSource sourcePageID="3CBF0F07-B047-4D9E-9643-E02F98E3FC91" comID="F661E355-743C-4003-965A-5220B0820A33" comLinkType="cltPageLink"/>
    <linkSource sourcePageID="5D82DF26-9949-4A76-AC45-C963324648B2" comID="6F6726BF-3B19-4249-BEAE-9B7618DB3EE7" comLinkType="cltPageLink"/>
    <linkSource sourcePageID="5D82DF26-9949-4A76-AC45-C963324648B2" comID="3ACB66D9-427B-4A6C-BDB0-B70B9372FAE0" comLinkType="cltPageLink"/>
  </page>
  <page ID="3CBF0F07-B047-4D9E-9643-E02F98E3FC91">
    <linkSource sourcePageID="6BAD99FA-6F5E-4A6B-AC27-0A1028D58D26" comID="95616B57-549E-469B-8E6E-7D7EB186672E" comLinkType="cltPageLink"/>
  </page>
  <page ID="5D82DF26-9949-4A76-AC45-C963324648B2">
    <linkSource sourcePageID="6BAD99FA-6F5E-4A6B-AC27-0A1028D58D26" comID="29F83F49-1FB4-4FA5-B530-4E65198A9EEC" comLinkType="cltPageLink"/>
  </page>
</LinkSources>